configuration,Radiomics | Random Forest,Radiomics | Gradient Boosting,Radiomics | XGBoost,Radiomics | MLP,Clinical | Random Forest,Clinical | Gradient Boosting,Clinical | XGBoost,Clinical | MLP,Combined | Random Forest,Combined | Gradient Boosting,Combined | XGBoost,Combined | MLP
Radiomics | Random Forest,0.0,0.061956521739130466,0.019565217391304346,-0.08695652173913038,0.09619565217391313,0.13315217391304346,0.07173913043478264,0.16304347826086962,-0.04728260869565204,-0.001630434782608603,0.004891304347826031,-0.0842391304347826
Radiomics | Gradient Boosting,-0.061956521739130466,0.0,-0.04239130434782612,-0.14891304347826084,0.03423913043478266,0.071195652173913,0.009782608695652173,0.10108695652173916,-0.1092391304347825,-0.06358695652173907,-0.057065217391304435,-0.14619565217391306
Radiomics | XGBoost,-0.019565217391304346,0.04239130434782612,0.0,-0.10652173913043472,0.07663043478260878,0.11358695652173911,0.05217391304347829,0.14347826086956528,-0.06684782608695639,-0.02119565217391295,-0.014673913043478315,-0.10380434782608694
Radiomics | MLP,0.08695652173913038,0.14891304347826084,0.10652173913043472,0.0,0.1831521739130435,0.22010869565217384,0.15869565217391302,0.25,0.03967391304347834,0.08532608695652177,0.09184782608695641,0.0027173913043477826
Clinical | Random Forest,-0.09619565217391313,-0.03423913043478266,-0.07663043478260878,-0.1831521739130435,0.0,0.03695652173913033,-0.024456521739130488,0.0668478260869565,-0.14347826086956517,-0.09782608695652173,-0.0913043478260871,-0.18043478260869572
Clinical | Gradient Boosting,-0.13315217391304346,-0.071195652173913,-0.11358695652173911,-0.22010869565217384,-0.03695652173913033,0.0,-0.06141304347826082,0.029891304347826164,-0.1804347826086955,-0.13478260869565206,-0.12826086956521743,-0.21739130434782605
Clinical | XGBoost,-0.07173913043478264,-0.009782608695652173,-0.05217391304347829,-0.15869565217391302,0.024456521739130488,0.06141304347826082,0.0,0.09130434782608698,-0.11902173913043468,-0.07336956521739124,-0.06684782608695661,-0.15597826086956523
Clinical | MLP,-0.16304347826086962,-0.10108695652173916,-0.14347826086956528,-0.25,-0.0668478260869565,-0.029891304347826164,-0.09130434782608698,0.0,-0.21032608695652166,-0.16467391304347823,-0.1581521739130436,-0.24728260869565222
Combined | Random Forest,0.04728260869565204,0.1092391304347825,0.06684782608695639,-0.03967391304347834,0.14347826086956517,0.1804347826086955,0.11902173913043468,0.21032608695652166,0.0,0.04565217391304344,0.05217391304347807,-0.036956521739130554
Combined | Gradient Boosting,0.001630434782608603,0.06358695652173907,0.02119565217391295,-0.08532608695652177,0.09782608695652173,0.13478260869565206,0.07336956521739124,0.16467391304347823,-0.04565217391304344,0.0,0.006521739130434634,-0.08260869565217399
Combined | XGBoost,-0.004891304347826031,0.057065217391304435,0.014673913043478315,-0.09184782608695641,0.0913043478260871,0.12826086956521743,0.06684782608695661,0.1581521739130436,-0.05217391304347807,-0.006521739130434634,0.0,-0.08913043478260863
Combined | MLP,0.0842391304347826,0.14619565217391306,0.10380434782608694,-0.0027173913043477826,0.18043478260869572,0.21739130434782605,0.15597826086956523,0.24728260869565222,0.036956521739130554,0.08260869565217399,0.08913043478260863,0.0
