comparison_type,configuration_a,configuration_b,feature_set_a,model_a,feature_set_b,model_b,auc_a,auc_b,auc_difference_a_minus_b,z_statistic,p_value_delong,p_value_holm_all_66_comparisons,significant_holm_all_66_p_lt_0_05,p_value_holm_within_feature_set,p_value_holm_within_model
same_feature_set_different_model,Radiomics | Random Forest,Radiomics | Gradient Boosting,Radiomics,Random Forest,Radiomics,Gradient Boosting,0.7516304347826087,0.6896739130434782,0.061956521739130466,1.6946306331090315,0.09014551214766829,1.0,False,0.27043653644300486,
same_feature_set_different_model,Radiomics | Random Forest,Radiomics | XGBoost,Radiomics,Random Forest,Radiomics,XGBoost,0.7516304347826087,0.7320652173913044,0.019565217391304346,0.8237889119472527,0.410059508918186,1.0,False,0.410059508918186,
same_feature_set_different_model,Radiomics | Random Forest,Radiomics | MLP,Radiomics,Random Forest,Radiomics,MLP,0.7516304347826087,0.8385869565217391,-0.08695652173913038,-2.199081913420985,0.027872098339366234,1.0,False,0.11148839335746494,
same_model_different_feature_set,Radiomics | Random Forest,Clinical | Random Forest,Radiomics,Random Forest,Clinical,Random Forest,0.7516304347826087,0.6554347826086956,0.09619565217391313,1.2582412839787003,0.20830450870115924,1.0,False,,0.4166090174023185
different_feature_set_and_model,Radiomics | Random Forest,Clinical | Gradient Boosting,Radiomics,Random Forest,Clinical,Gradient Boosting,0.7516304347826087,0.6184782608695653,0.13315217391304346,1.7130902499520952,0.0866959374805939,1.0,False,,
different_feature_set_and_model,Radiomics | Random Forest,Clinical | XGBoost,Radiomics,Random Forest,Clinical,XGBoost,0.7516304347826087,0.6798913043478261,0.07173913043478264,0.9127351667551001,0.3613818437019577,1.0,False,,
different_feature_set_and_model,Radiomics | Random Forest,Clinical | MLP,Radiomics,Random Forest,Clinical,MLP,0.7516304347826087,0.5885869565217391,0.16304347826086962,2.032600117762129,0.04209293960776611,1.0,False,,
same_model_different_feature_set,Radiomics | Random Forest,Combined | Random Forest,Radiomics,Random Forest,Combined,Random Forest,0.7516304347826087,0.7989130434782608,-0.04728260869565204,-0.9316517487012478,0.3515165301852664,1.0,False,,0.4166090174023185
different_feature_set_and_model,Radiomics | Random Forest,Combined | Gradient Boosting,Radiomics,Random Forest,Combined,Gradient Boosting,0.7516304347826087,0.7532608695652173,-0.001630434782608603,-0.02798809186456236,0.9776716487431114,1.0,False,,
different_feature_set_and_model,Radiomics | Random Forest,Combined | XGBoost,Radiomics,Random Forest,Combined,XGBoost,0.7516304347826087,0.7467391304347827,0.004891304347826031,0.0815854904592475,0.934976339762756,1.0,False,,
different_feature_set_and_model,Radiomics | Random Forest,Combined | MLP,Radiomics,Random Forest,Combined,MLP,0.7516304347826087,0.8358695652173913,-0.0842391304347826,-1.6463905464312323,0.09968337815506273,1.0,False,,
same_feature_set_different_model,Radiomics | Gradient Boosting,Radiomics | XGBoost,Radiomics,Gradient Boosting,Radiomics,XGBoost,0.6896739130434782,0.7320652173913044,-0.04239130434782612,-1.3349507272993846,0.18189247352047178,1.0,False,0.36378494704094355,
same_feature_set_different_model,Radiomics | Gradient Boosting,Radiomics | MLP,Radiomics,Gradient Boosting,Radiomics,MLP,0.6896739130434782,0.8385869565217391,-0.14891304347826084,-2.9966294179135073,0.0027298233827498025,0.16924904973048777,False,0.016378940296498813,
different_feature_set_and_model,Radiomics | Gradient Boosting,Clinical | Random Forest,Radiomics,Gradient Boosting,Clinical,Random Forest,0.6896739130434782,0.6554347826086956,0.03423913043478266,0.436294662774764,0.6626229537362678,1.0,False,,
same_model_different_feature_set,Radiomics | Gradient Boosting,Clinical | Gradient Boosting,Radiomics,Gradient Boosting,Clinical,Gradient Boosting,0.6896739130434782,0.6184782608695653,0.071195652173913,0.8639255161974382,0.387628808735082,1.0,False,,0.6545407175091094
different_feature_set_and_model,Radiomics | Gradient Boosting,Clinical | XGBoost,Radiomics,Gradient Boosting,Clinical,XGBoost,0.6896739130434782,0.6798913043478261,0.009782608695652173,0.11585947385163586,0.9077639145118241,1.0,False,,
different_feature_set_and_model,Radiomics | Gradient Boosting,Clinical | MLP,Radiomics,Gradient Boosting,Clinical,MLP,0.6896739130434782,0.5885869565217391,0.10108695652173916,1.2164663218162353,0.22380733279756826,1.0,False,,
different_feature_set_and_model,Radiomics | Gradient Boosting,Combined | Random Forest,Radiomics,Gradient Boosting,Combined,Random Forest,0.6896739130434782,0.7989130434782608,-0.1092391304347825,-1.9001491064596472,0.057413554919894784,1.0,False,,
same_model_different_feature_set,Radiomics | Gradient Boosting,Combined | Gradient Boosting,Radiomics,Gradient Boosting,Combined,Gradient Boosting,0.6896739130434782,0.7532608695652173,-0.06358695652173907,-0.9796268246903986,0.3272703587545547,1.0,False,,0.6545407175091094
different_feature_set_and_model,Radiomics | Gradient Boosting,Combined | XGBoost,Radiomics,Gradient Boosting,Combined,XGBoost,0.6896739130434782,0.7467391304347827,-0.057065217391304435,-0.8711176795713264,0.38368990176646156,1.0,False,,
different_feature_set_and_model,Radiomics | Gradient Boosting,Combined | MLP,Radiomics,Gradient Boosting,Combined,MLP,0.6896739130434782,0.8358695652173913,-0.14619565217391306,-2.470243673131903,0.013502104460438945,0.7696199542450198,False,,
same_feature_set_different_model,Radiomics | XGBoost,Radiomics | MLP,Radiomics,XGBoost,Radiomics,MLP,0.7320652173913044,0.8385869565217391,-0.10652173913043472,-2.643971408135201,0.00819395773361399,0.47524954854961143,False,0.040969788668069954,
different_feature_set_and_model,Radiomics | XGBoost,Clinical | Random Forest,Radiomics,XGBoost,Clinical,Random Forest,0.7320652173913044,0.6554347826086956,0.07663043478260878,0.9653496369649637,0.33436971781211267,1.0,False,,
different_feature_set_and_model,Radiomics | XGBoost,Clinical | Gradient Boosting,Radiomics,XGBoost,Clinical,Gradient Boosting,0.7320652173913044,0.6184782608695653,0.11358695652173911,1.4056931600578042,0.1598152589217331,1.0,False,,
same_model_different_feature_set,Radiomics | XGBoost,Clinical | XGBoost,Radiomics,XGBoost,Clinical,XGBoost,0.7320652173913044,0.6798913043478261,0.05217391304347829,0.6211989240291633,0.5344687473017561,1.0,False,,1.0
different_feature_set_and_model,Radiomics | XGBoost,Clinical | MLP,Radiomics,XGBoost,Clinical,MLP,0.7320652173913044,0.5885869565217391,0.14347826086956528,1.6879133439190175,0.09142786474075164,1.0,False,,
different_feature_set_and_model,Radiomics | XGBoost,Combined | Random Forest,Radiomics,XGBoost,Combined,Random Forest,0.7320652173913044,0.7989130434782608,-0.06684782608695639,-1.2173791855997427,0.22345997865520872,1.0,False,,
different_feature_set_and_model,Radiomics | XGBoost,Combined | Gradient Boosting,Radiomics,XGBoost,Combined,Gradient Boosting,0.7320652173913044,0.7532608695652173,-0.02119565217391295,-0.3480103738452438,0.7278323927017505,1.0,False,,
same_model_different_feature_set,Radiomics | XGBoost,Combined | XGBoost,Radiomics,XGBoost,Combined,XGBoost,0.7320652173913044,0.7467391304347827,-0.014673913043478315,-0.24712709567174027,0.8048098646290792,1.0,False,,1.0
different_feature_set_and_model,Radiomics | XGBoost,Combined | MLP,Radiomics,XGBoost,Combined,MLP,0.7320652173913044,0.8358695652173913,-0.10380434782608694,-1.9533481273438107,0.05077835833035327,1.0,False,,
different_feature_set_and_model,Radiomics | MLP,Clinical | Random Forest,Radiomics,MLP,Clinical,Random Forest,0.8385869565217391,0.6554347826086956,0.1831521739130435,2.337260694006046,0.01942563299326402,1.0,False,,
different_feature_set_and_model,Radiomics | MLP,Clinical | Gradient Boosting,Radiomics,MLP,Clinical,Gradient Boosting,0.8385869565217391,0.6184782608695653,0.22010869565217384,2.807339984200398,0.004995249024990928,0.29971494149945566,False,,
different_feature_set_and_model,Radiomics | MLP,Clinical | XGBoost,Radiomics,MLP,Clinical,XGBoost,0.8385869565217391,0.6798913043478261,0.15869565217391302,1.96284621085859,0.04966404643333473,1.0,False,,
same_model_different_feature_set,Radiomics | MLP,Clinical | MLP,Radiomics,MLP,Clinical,MLP,0.8385869565217391,0.5885869565217391,0.25,3.0555944262577475,0.0022461486267996854,0.14150736348838017,False,,0.004492297253599371
different_feature_set_and_model,Radiomics | MLP,Combined | Random Forest,Radiomics,MLP,Combined,Random Forest,0.8385869565217391,0.7989130434782608,0.03967391304347834,0.7932803435735224,0.4276145064700353,1.0,False,,
different_feature_set_and_model,Radiomics | MLP,Combined | Gradient Boosting,Radiomics,MLP,Combined,Gradient Boosting,0.8385869565217391,0.7532608695652173,0.08532608695652177,1.487326156616644,0.13692868942650518,1.0,False,,
different_feature_set_and_model,Radiomics | MLP,Combined | XGBoost,Radiomics,MLP,Combined,XGBoost,0.8385869565217391,0.7467391304347827,0.09184782608695641,1.7003366215476716,0.08906762573990039,1.0,False,,
same_model_different_feature_set,Radiomics | MLP,Combined | MLP,Radiomics,MLP,Combined,MLP,0.8385869565217391,0.8358695652173913,0.0027173913043477826,0.07152782854664654,0.9429776772975665,1.0,False,,0.9429776772975665
same_feature_set_different_model,Clinical | Random Forest,Clinical | Gradient Boosting,Clinical,Random Forest,Clinical,Gradient Boosting,0.6554347826086956,0.6184782608695653,0.03695652173913033,1.145342997622327,0.2520671011005875,1.0,False,0.7562013033017625,
same_feature_set_different_model,Clinical | Random Forest,Clinical | XGBoost,Clinical,Random Forest,Clinical,XGBoost,0.6554347826086956,0.6798913043478261,-0.024456521739130488,-0.7252110447774679,0.4683225680937285,1.0,False,0.936645136187457,
same_feature_set_different_model,Clinical | Random Forest,Clinical | MLP,Clinical,Random Forest,Clinical,MLP,0.6554347826086956,0.5885869565217391,0.0668478260869565,1.4286208182693811,0.15311324725475187,1.0,False,0.6124529890190075,
same_model_different_feature_set,Clinical | Random Forest,Combined | Random Forest,Clinical,Random Forest,Combined,Random Forest,0.6554347826086956,0.7989130434782608,-0.14347826086956517,-2.345847503205474,0.018983872832535192,1.0,False,,0.05695161849760558
different_feature_set_and_model,Clinical | Random Forest,Combined | Gradient Boosting,Clinical,Random Forest,Combined,Gradient Boosting,0.6554347826086956,0.7532608695652173,-0.09782608695652173,-1.4360695759041955,0.1509825442919753,1.0,False,,
different_feature_set_and_model,Clinical | Random Forest,Combined | XGBoost,Clinical,Random Forest,Combined,XGBoost,0.6554347826086956,0.7467391304347827,-0.0913043478260871,-1.3382354839318367,0.18081968537735738,1.0,False,,
different_feature_set_and_model,Clinical | Random Forest,Combined | MLP,Clinical,Random Forest,Combined,MLP,0.6554347826086956,0.8358695652173913,-0.18043478260869572,-2.7476357869275287,0.00600266475033232,0.3541572202696069,False,,
same_feature_set_different_model,Clinical | Gradient Boosting,Clinical | XGBoost,Clinical,Gradient Boosting,Clinical,XGBoost,0.6184782608695653,0.6798913043478261,-0.06141304347826082,-1.592400265565613,0.1112947966111969,1.0,False,0.5564739830559845,
same_feature_set_different_model,Clinical | Gradient Boosting,Clinical | MLP,Clinical,Gradient Boosting,Clinical,MLP,0.6184782608695653,0.5885869565217391,0.029891304347826164,0.6122329833732617,0.5403836220086597,1.0,False,0.936645136187457,
different_feature_set_and_model,Clinical | Gradient Boosting,Combined | Random Forest,Clinical,Gradient Boosting,Combined,Random Forest,0.6184782608695653,0.7989130434782608,-0.1804347826086955,-2.8735019265750417,0.004059486021636246,0.247628647319811,False,,
same_model_different_feature_set,Clinical | Gradient Boosting,Combined | Gradient Boosting,Clinical,Gradient Boosting,Combined,Gradient Boosting,0.6184782608695653,0.7532608695652173,-0.13478260869565206,-1.9166077787630604,0.055287779039793705,1.0,False,,0.16586333711938112
different_feature_set_and_model,Clinical | Gradient Boosting,Combined | XGBoost,Clinical,Gradient Boosting,Combined,XGBoost,0.6184782608695653,0.7467391304347827,-0.12826086956521743,-1.8598461717293033,0.06290729282003196,1.0,False,,
different_feature_set_and_model,Clinical | Gradient Boosting,Combined | MLP,Clinical,Gradient Boosting,Combined,MLP,0.6184782608695653,0.8358695652173913,-0.21739130434782605,-3.2634605830181616,0.00110060492970411,0.07153932043076715,False,,
same_feature_set_different_model,Clinical | XGBoost,Clinical | MLP,Clinical,XGBoost,Clinical,MLP,0.6798913043478261,0.5885869565217391,0.09130434782608698,2.050233116656268,0.040341687781923576,1.0,False,0.24205012669154147,
different_feature_set_and_model,Clinical | XGBoost,Combined | Random Forest,Clinical,XGBoost,Combined,Random Forest,0.6798913043478261,0.7989130434782608,-0.11902173913043468,-1.8471889111914308,0.06471976593181829,1.0,False,,
different_feature_set_and_model,Clinical | XGBoost,Combined | Gradient Boosting,Clinical,XGBoost,Combined,Gradient Boosting,0.6798913043478261,0.7532608695652173,-0.07336956521739124,-1.075058137433399,0.28234870028430736,1.0,False,,
same_model_different_feature_set,Clinical | XGBoost,Combined | XGBoost,Clinical,XGBoost,Combined,XGBoost,0.6798913043478261,0.7467391304347827,-0.06684782608695661,-1.0015741917879333,0.316549290830511,1.0,False,,0.9496478724915329
different_feature_set_and_model,Clinical | XGBoost,Combined | MLP,Clinical,XGBoost,Combined,MLP,0.6798913043478261,0.8358695652173913,-0.15597826086956523,-2.329822606259323,0.01981552884241166,1.0,False,,
different_feature_set_and_model,Clinical | MLP,Combined | Random Forest,Clinical,MLP,Combined,Random Forest,0.5885869565217391,0.7989130434782608,-0.21032608695652166,-3.1216707640943966,0.0017982792263467099,0.11508987048618943,False,,
different_feature_set_and_model,Clinical | MLP,Combined | Gradient Boosting,Clinical,MLP,Combined,Gradient Boosting,0.5885869565217391,0.7532608695652173,-0.16467391304347823,-2.2732142074670185,0.023013274541020895,1.0,False,,
different_feature_set_and_model,Clinical | MLP,Combined | XGBoost,Clinical,MLP,Combined,XGBoost,0.5885869565217391,0.7467391304347827,-0.1581521739130436,-2.1539188626824926,0.03124653543325477,1.0,False,,
same_model_different_feature_set,Clinical | MLP,Combined | MLP,Clinical,MLP,Combined,MLP,0.5885869565217391,0.8358695652173913,-0.24728260869565222,-3.621102611456256,0.0002933501293285651,0.019361108535685297,True,,0.0008800503879856953
same_feature_set_different_model,Combined | Random Forest,Combined | Gradient Boosting,Combined,Random Forest,Combined,Gradient Boosting,0.7989130434782608,0.7532608695652173,0.04565217391304344,1.136216905130238,0.2558657971461117,1.0,False,0.7923314266395574,
same_feature_set_different_model,Combined | Random Forest,Combined | XGBoost,Combined,Random Forest,Combined,XGBoost,0.7989130434782608,0.7467391304347827,0.05217391304347807,1.2870327980104317,0.19808285665988934,1.0,False,0.7923314266395574,
same_feature_set_different_model,Combined | Random Forest,Combined | MLP,Combined,Random Forest,Combined,MLP,0.7989130434782608,0.8358695652173913,-0.036956521739130554,-0.9855221079535608,0.3243676774701677,1.0,False,0.7923314266395574,
same_feature_set_different_model,Combined | Gradient Boosting,Combined | XGBoost,Combined,Gradient Boosting,Combined,XGBoost,0.7532608695652173,0.7467391304347827,0.006521739130434634,0.19008612193384647,0.8492416449067717,1.0,False,0.8492416449067717,
same_feature_set_different_model,Combined | Gradient Boosting,Combined | MLP,Combined,Gradient Boosting,Combined,MLP,0.7532608695652173,0.8358695652173913,-0.08260869565217399,-1.7204104526173696,0.08535785831809674,1.0,False,0.4267892915904837,
same_feature_set_different_model,Combined | XGBoost,Combined | MLP,Combined,XGBoost,Combined,MLP,0.7467391304347827,0.8358695652173913,-0.08913043478260863,-2.0923982374923096,0.0364029063343233,1.0,False,0.21841743800593977,
