feature_set,model,metric,metric_label,estimate,ci_lower_95,ci_upper_95,estimate_percent,ci_lower_95_percent,ci_upper_95_percent
Radiomics,Random Forest,oof_auc,AUC,0.7516304347826087,0.6437432065217392,0.8483763586956521,75.16304347826087,64.37432065217392,84.8376358695652
Radiomics,Random Forest,oof_pr_auc,PR-AUC / Average precision,0.7050587604018249,0.5937053883890694,0.8240301026467856,70.50587604018249,59.37053883890694,82.40301026467856
Radiomics,Random Forest,oof_acc,Accuracy,0.6976744186046512,0.5930232558139535,0.7906976744186046,69.76744186046511,59.30232558139535,79.06976744186046
Radiomics,Random Forest,sensitivity,Sensitivity,0.725,0.575,0.85,72.5,57.49999999999999,85.0
Radiomics,Random Forest,specificity,Specificity,0.6739130434782609,0.5434782608695652,0.8043478260869565,67.3913043478261,54.347826086956516,80.43478260869566
Radiomics,Random Forest,ppv,PPV,0.6590909090909091,0.5580749354005168,0.7674865831842574,65.9090909090909,55.80749354005168,76.74865831842574
Radiomics,Random Forest,npv,NPV,0.7380952380952381,0.6341463414634146,0.8461538461538461,73.80952380952381,63.41463414634146,84.61538461538461
Radiomics,Random Forest,oof_f1,F1,0.6904761904761905,0.5822784810126582,0.7865168539325843,69.04761904761905,58.22784810126582,78.65168539325843
Radiomics,Random Forest,balanced_accuracy,Balanced accuracy,0.6994565217391304,0.5983288043478261,0.7929347826086957,69.94565217391305,59.83288043478261,79.29347826086956
Radiomics,Gradient Boosting,oof_auc,AUC,0.6896739130434782,0.5701086956521739,0.7989130434782609,68.96739130434783,57.01086956521739,79.8913043478261
Radiomics,Gradient Boosting,oof_pr_auc,PR-AUC / Average precision,0.6555462441147177,0.5520670762756192,0.7989455852185825,65.55462441147178,55.206707627561926,79.89455852185824
Radiomics,Gradient Boosting,oof_acc,Accuracy,0.6744186046511628,0.5697674418604651,0.7677325581395333,67.44186046511628,56.97674418604651,76.77325581395334
Radiomics,Gradient Boosting,sensitivity,Sensitivity,0.75,0.6,0.875,75.0,60.0,87.5
Radiomics,Gradient Boosting,specificity,Specificity,0.6086956521739131,0.45652173913043476,0.7391304347826086,60.86956521739131,45.65217391304348,73.91304347826086
Radiomics,Gradient Boosting,ppv,PPV,0.625,0.5332978723404255,0.7272727272727273,62.5,53.32978723404255,72.72727272727273
Radiomics,Gradient Boosting,npv,NPV,0.7368421052631579,0.6216216216216216,0.8500735294117643,73.68421052631578,62.16216216216216,85.00735294117644
Radiomics,Gradient Boosting,oof_f1,F1,0.6818181818181818,0.5783132530120482,0.7727272727272727,68.18181818181817,57.831325301204814,77.27272727272727
Radiomics,Gradient Boosting,balanced_accuracy,Balanced accuracy,0.6793478260869565,0.5798777173913043,0.7771739130434783,67.93478260869566,57.98777173913044,77.71739130434783
Radiomics,XGBoost,oof_auc,AUC,0.7320652173913044,0.6249728260869565,0.8380570652173912,73.20652173913044,62.49728260869565,83.80570652173913
Radiomics,XGBoost,oof_pr_auc,PR-AUC / Average precision,0.7013234398027062,0.5959929060507448,0.8240571850062994,70.13234398027062,59.599290605074486,82.40571850062994
Radiomics,XGBoost,oof_acc,Accuracy,0.6976744186046512,0.6046511627906976,0.8023255813953488,69.76744186046511,60.46511627906976,80.23255813953489
Radiomics,XGBoost,sensitivity,Sensitivity,0.675,0.525,0.825,67.5,52.5,82.5
Radiomics,XGBoost,specificity,Specificity,0.717391304347826,0.5869565217391305,0.8478260869565217,71.73913043478261,58.69565217391305,84.78260869565217
Radiomics,XGBoost,ppv,PPV,0.675,0.5681818181818182,0.7948717948717948,67.5,56.81818181818182,79.48717948717949
Radiomics,XGBoost,npv,NPV,0.717391304347826,0.625,0.8222222222222222,71.73913043478261,62.5,82.22222222222221
Radiomics,XGBoost,oof_f1,F1,0.675,0.56,0.7804878048780488,67.5,56.00000000000001,78.04878048780488
Radiomics,XGBoost,balanced_accuracy,Balanced accuracy,0.696195652173913,0.601046195652174,0.7956521739130434,69.6195652173913,60.1046195652174,79.56521739130434
Radiomics,MLP,oof_auc,AUC,0.8385869565217391,0.7439809782608696,0.9206521739130434,83.8586956521739,74.39809782608697,92.06521739130434
Radiomics,MLP,oof_pr_auc,PR-AUC / Average precision,0.7923677095731787,0.6799371088093296,0.91853792249649,79.23677095731787,67.99371088093295,91.853792249649
Radiomics,MLP,oof_acc,Accuracy,0.8023255813953488,0.7209302325581395,0.8837209302325582,80.23255813953489,72.09302325581395,88.37209302325581
Radiomics,MLP,sensitivity,Sensitivity,0.825,0.7,0.925,82.5,70.0,92.5
Radiomics,MLP,specificity,Specificity,0.782608695652174,0.6521739130434783,0.8913043478260869,78.26086956521739,65.21739130434783,89.13043478260869
Radiomics,MLP,ppv,PPV,0.7674418604651163,0.6666666666666666,0.875,76.74418604651163,66.66666666666666,87.5
Radiomics,MLP,npv,NPV,0.8372093023255814,0.75,0.9302325581395349,83.72093023255815,75.0,93.02325581395348
Radiomics,MLP,oof_f1,F1,0.7951807228915663,0.7073170731707317,0.8780487804878049,79.51807228915662,70.73170731707317,87.8048780487805
Radiomics,MLP,balanced_accuracy,Balanced accuracy,0.803804347826087,0.7211684782608695,0.8847826086956522,80.3804347826087,72.11684782608695,88.47826086956522
Clinical,Random Forest,oof_auc,AUC,0.6554347826086956,0.5263519021739131,0.7676766304347825,65.54347826086956,52.63519021739131,76.76766304347825
Clinical,Random Forest,oof_pr_auc,PR-AUC / Average precision,0.6242260380194458,0.5161059859536384,0.7701983430314044,62.422603801944575,51.61059859536385,77.01983430314044
Clinical,Random Forest,oof_acc,Accuracy,0.6627906976744186,0.5581395348837209,0.7558139534883721,66.27906976744185,55.81395348837209,75.5813953488372
Clinical,Random Forest,sensitivity,Sensitivity,0.675,0.525,0.8,67.5,52.5,80.0
Clinical,Random Forest,specificity,Specificity,0.6521739130434783,0.5,0.782608695652174,65.21739130434783,50.0,78.26086956521739
Clinical,Random Forest,ppv,PPV,0.627906976744186,0.5277083333333333,0.7428571428571429,62.7906976744186,52.770833333333336,74.28571428571429
Clinical,Random Forest,npv,NPV,0.6976744186046512,0.5952220077220077,0.8048780487804879,69.76744186046511,59.522200772200776,80.48780487804879
Clinical,Random Forest,oof_f1,F1,0.6506024096385542,0.5365853658536586,0.75,65.06024096385542,53.65853658536586,75.0
Clinical,Random Forest,balanced_accuracy,Balanced accuracy,0.6635869565217392,0.5635869565217391,0.758695652173913,66.35869565217392,56.35869565217391,75.8695652173913
Clinical,Gradient Boosting,oof_auc,AUC,0.6184782608695653,0.4978125,0.742961956521739,61.84782608695652,49.78125,74.2961956521739
Clinical,Gradient Boosting,oof_pr_auc,PR-AUC / Average precision,0.5860052505582443,0.49060167800180887,0.739018928963348,58.60052505582443,49.060167800180885,73.9018928963348
Clinical,Gradient Boosting,oof_acc,Accuracy,0.5930232558139535,0.4883720930232558,0.6976744186046512,59.30232558139535,48.837209302325576,69.76744186046511
Clinical,Gradient Boosting,sensitivity,Sensitivity,0.575,0.425,0.725,57.49999999999999,42.5,72.5
Clinical,Gradient Boosting,specificity,Specificity,0.6086956521739131,0.4782608695652174,0.7391304347826086,60.86956521739131,47.82608695652174,73.91304347826086
Clinical,Gradient Boosting,ppv,PPV,0.5609756097560976,0.454491341991342,0.6829268292682927,56.09756097560976,45.4491341991342,68.29268292682927
Clinical,Gradient Boosting,npv,NPV,0.6222222222222222,0.5238095238095238,0.7291807432432431,62.22222222222222,52.38095238095239,72.91807432432431
Clinical,Gradient Boosting,oof_f1,F1,0.5679012345679012,0.4444444444444444,0.6835443037974683,56.79012345679012,44.44444444444444,68.35443037974683
Clinical,Gradient Boosting,balanced_accuracy,Balanced accuracy,0.5918478260869565,0.4891304347826087,0.6994565217391304,59.18478260869565,48.91304347826087,69.94565217391305
Clinical,XGBoost,oof_auc,AUC,0.6798913043478261,0.5592391304347827,0.7896875,67.98913043478261,55.923913043478265,78.96875
Clinical,XGBoost,oof_pr_auc,PR-AUC / Average precision,0.6445113514323886,0.5335069867984339,0.7871836864990671,64.45113514323886,53.35069867984339,78.71836864990671
Clinical,XGBoost,oof_acc,Accuracy,0.6627906976744186,0.5581395348837209,0.7558139534883721,66.27906976744185,55.81395348837209,75.5813953488372
Clinical,XGBoost,sensitivity,Sensitivity,0.6,0.45,0.75,60.0,45.0,75.0
Clinical,XGBoost,specificity,Specificity,0.717391304347826,0.5869565217391305,0.8478260869565217,71.73913043478261,58.69565217391305,84.78260869565217
Clinical,XGBoost,ppv,PPV,0.6486486486486487,0.5294117647058824,0.7741935483870968,64.86486486486487,52.94117647058824,77.41935483870968
Clinical,XGBoost,npv,NPV,0.673469387755102,0.5833333333333334,0.7708333333333334,67.3469387755102,58.333333333333336,77.08333333333334
Clinical,XGBoost,oof_f1,F1,0.6233766233766234,0.4941023682200153,0.7317073170731707,62.33766233766234,49.41023682200153,73.17073170731707
Clinical,XGBoost,balanced_accuracy,Balanced accuracy,0.658695652173913,0.5559375000000001,0.753804347826087,65.8695652173913,55.59375000000001,75.3804347826087
Clinical,MLP,oof_auc,AUC,0.5885869565217391,0.4662907608695652,0.7081929347826084,58.85869565217391,46.62907608695652,70.81929347826083
Clinical,MLP,oof_pr_auc,PR-AUC / Average precision,0.5354920723430612,0.4511141054307145,0.6775862164942014,53.54920723430612,45.11141054307145,67.75862164942014
Clinical,MLP,oof_acc,Accuracy,0.5697674418604651,0.46511627906976744,0.6627906976744186,56.97674418604651,46.51162790697674,66.27906976744185
Clinical,MLP,sensitivity,Sensitivity,0.575,0.425,0.725,57.49999999999999,42.5,72.5
Clinical,MLP,specificity,Specificity,0.5652173913043478,0.4342391304347826,0.6956521739130435,56.52173913043478,43.423913043478265,69.56521739130434
Clinical,MLP,ppv,PPV,0.5348837209302325,0.42857142857142855,0.6383126477541371,53.48837209302325,42.857142857142854,63.83126477541371
Clinical,MLP,npv,NPV,0.6046511627906976,0.5,0.7105263157894737,60.46511627906976,50.0,71.05263157894737
Clinical,MLP,oof_f1,F1,0.5542168674698795,0.43373493975903615,0.6590971528471528,55.42168674698795,43.373493975903614,65.90971528471528
Clinical,MLP,balanced_accuracy,Balanced accuracy,0.5701086956521739,0.46413043478260874,0.6679483695652173,57.01086956521739,46.413043478260875,66.79483695652173
Combined,Random Forest,oof_auc,AUC,0.7989130434782608,0.6994497282608696,0.8839809782608694,79.89130434782608,69.94497282608695,88.39809782608694
Combined,Random Forest,oof_pr_auc,PR-AUC / Average precision,0.7438381693785105,0.6357283235587068,0.8713974626946751,74.38381693785105,63.57283235587068,87.13974626946751
Combined,Random Forest,oof_acc,Accuracy,0.7325581395348837,0.6395348837209303,0.8255813953488372,73.25581395348837,63.95348837209303,82.55813953488372
Combined,Random Forest,sensitivity,Sensitivity,0.725,0.575,0.85,72.5,57.49999999999999,85.0
Combined,Random Forest,specificity,Specificity,0.7391304347826086,0.6086956521739131,0.8478260869565217,73.91304347826086,60.86956521739131,84.78260869565217
Combined,Random Forest,ppv,PPV,0.7073170731707317,0.6,0.8181818181818182,70.73170731707317,60.0,81.81818181818183
Combined,Random Forest,npv,NPV,0.7555555555555555,0.6590909090909091,0.8571428571428571,75.55555555555556,65.9090909090909,85.71428571428571
Combined,Random Forest,oof_f1,F1,0.7160493827160493,0.6075366422385077,0.8148148148148148,71.60493827160494,60.75366422385077,81.48148148148148
Combined,Random Forest,balanced_accuracy,Balanced accuracy,0.7320652173913043,0.6353260869565217,0.8255434782608695,73.20652173913042,63.53260869565217,82.55434782608695
Combined,Gradient Boosting,oof_auc,AUC,0.7532608695652173,0.6396739130434783,0.8516440217391303,75.32608695652173,63.96739130434783,85.16440217391303
Combined,Gradient Boosting,oof_pr_auc,PR-AUC / Average precision,0.7183425048720256,0.6041775857324461,0.8429673214361458,71.83425048720255,60.417758573244605,84.29673214361458
Combined,Gradient Boosting,oof_acc,Accuracy,0.7325581395348837,0.6395348837209303,0.813953488372093,73.25581395348837,63.95348837209303,81.3953488372093
Combined,Gradient Boosting,sensitivity,Sensitivity,0.75,0.6,0.875,75.0,60.0,87.5
Combined,Gradient Boosting,specificity,Specificity,0.717391304347826,0.5869565217391305,0.8478260869565217,71.73913043478261,58.69565217391305,84.78260869565217
Combined,Gradient Boosting,ppv,PPV,0.6976744186046512,0.6,0.8108108108108109,69.76744186046511,60.0,81.08108108108108
Combined,Gradient Boosting,npv,NPV,0.7674418604651163,0.6666666666666666,0.875,76.74418604651163,66.66666666666666,87.5
Combined,Gradient Boosting,oof_f1,F1,0.7228915662650602,0.6172839506172839,0.8125363372093021,72.28915662650603,61.72839506172839,81.25363372093021
Combined,Gradient Boosting,balanced_accuracy,Balanced accuracy,0.7336956521739131,0.6385869565217391,0.8195652173913044,73.36956521739131,63.858695652173914,81.95652173913044
Combined,XGBoost,oof_auc,AUC,0.7467391304347827,0.6412771739130434,0.8467527173913043,74.67391304347827,64.12771739130434,84.67527173913044
Combined,XGBoost,oof_pr_auc,PR-AUC / Average precision,0.6824697429090697,0.5709099790267772,0.8270260300824498,68.24697429090698,57.09099790267772,82.70260300824498
Combined,XGBoost,oof_acc,Accuracy,0.6744186046511628,0.5813953488372093,0.7674418604651163,67.44186046511628,58.139534883720934,76.74418604651163
Combined,XGBoost,sensitivity,Sensitivity,0.725,0.599375,0.85,72.5,59.9375,85.0
Combined,XGBoost,specificity,Specificity,0.6304347826086957,0.4782608695652174,0.7608695652173914,63.04347826086957,47.82608695652174,76.08695652173914
Combined,XGBoost,ppv,PPV,0.6304347826086957,0.5384615384615384,0.7333673469387753,63.04347826086957,53.84615384615385,73.33673469387753
Combined,XGBoost,npv,NPV,0.725,0.625,0.8378378378378378,72.5,62.5,83.78378378378379
Combined,XGBoost,oof_f1,F1,0.6744186046511628,0.5747126436781609,0.7654823428079239,67.44186046511628,57.47126436781609,76.5482342807924
Combined,XGBoost,balanced_accuracy,Balanced accuracy,0.6777173913043478,0.5842391304347826,0.7696059782608693,67.77173913043478,58.42391304347826,76.96059782608693
Combined,MLP,oof_auc,AUC,0.8358695652173913,0.7374864130434782,0.9157880434782607,83.58695652173913,73.74864130434781,91.57880434782606
Combined,MLP,oof_pr_auc,PR-AUC / Average precision,0.7868310560962614,0.6767779586139836,0.9123964995343005,78.68310560962614,67.67779586139837,91.23964995343005
Combined,MLP,oof_acc,Accuracy,0.7906976744186046,0.6976744186046512,0.872093023255814,79.06976744186046,69.76744186046511,87.20930232558139
Combined,MLP,sensitivity,Sensitivity,0.775,0.625,0.9,77.5,62.5,90.0
Combined,MLP,specificity,Specificity,0.8043478260869565,0.6739130434782609,0.9130434782608695,80.43478260869566,67.3913043478261,91.30434782608695
Combined,MLP,ppv,PPV,0.775,0.6666666666666666,0.8857142857142857,77.5,66.66666666666666,88.57142857142857
Combined,MLP,npv,NPV,0.8043478260869565,0.7115384615384616,0.8974358974358975,80.43478260869566,71.15384615384616,89.74358974358975
Combined,MLP,oof_f1,F1,0.775,0.675,0.8641975308641975,77.5,67.5,86.41975308641975
Combined,MLP,balanced_accuracy,Balanced accuracy,0.7896739130434782,0.6978260869565217,0.8722826086956521,78.96739130434783,69.78260869565217,87.2282608695652
