feature_set,pca,model,n_patients,n_features,oof_auc,oof_pr_auc,oof_acc,sensitivity,specificity,ppv,npv,oof_f1,balanced_accuracy,oof_auc_ci_lower,oof_auc_ci_upper,oof_pr_auc_ci_lower,oof_pr_auc_ci_upper,oof_acc_ci_lower,oof_acc_ci_upper,sensitivity_ci_lower,sensitivity_ci_upper,specificity_ci_lower,specificity_ci_upper,ppv_ci_lower,ppv_ci_upper,npv_ci_lower,npv_ci_upper,oof_f1_ci_lower,oof_f1_ci_upper,balanced_accuracy_ci_lower,balanced_accuracy_ci_upper,tn,fp,fn,tp,mean_pca_components,pca_components_per_fold,bootstrap_replicates,bootstrap_method
Radiomics,PCA 95%,Random Forest,86,107,0.7516304347826087,0.7050587604018249,0.6976744186046512,0.725,0.6739130434782609,0.6590909090909091,0.7380952380952381,0.6904761904761905,0.6994565217391304,0.6437432065217392,0.8483763586956521,0.5937053883890694,0.8240301026467856,0.5930232558139535,0.7906976744186046,0.575,0.85,0.5434782608695652,0.8043478260869565,0.5580749354005168,0.7674865831842574,0.6341463414634146,0.8461538461538461,0.5822784810126582,0.7865168539325843,0.5983288043478261,0.7929347826086957,31,15,11,29,15.2,"[15, 15, 15, 16, 15]",2000,stratified percentile bootstrap on pooled OOF predictions
Radiomics,PCA 95%,Gradient Boosting,86,107,0.6896739130434782,0.6555462441147177,0.6744186046511628,0.75,0.6086956521739131,0.625,0.7368421052631579,0.6818181818181818,0.6793478260869565,0.5701086956521739,0.7989130434782609,0.5520670762756192,0.7989455852185825,0.5697674418604651,0.7677325581395333,0.6,0.875,0.45652173913043476,0.7391304347826086,0.5332978723404255,0.7272727272727273,0.6216216216216216,0.8500735294117643,0.5783132530120482,0.7727272727272727,0.5798777173913043,0.7771739130434783,28,18,10,30,15.2,"[15, 15, 15, 16, 15]",2000,stratified percentile bootstrap on pooled OOF predictions
Radiomics,PCA 95%,XGBoost,86,107,0.7320652173913044,0.7013234398027062,0.6976744186046512,0.675,0.717391304347826,0.675,0.717391304347826,0.675,0.696195652173913,0.6249728260869565,0.8380570652173912,0.5959929060507448,0.8240571850062994,0.6046511627906976,0.8023255813953488,0.525,0.825,0.5869565217391305,0.8478260869565217,0.5681818181818182,0.7948717948717948,0.625,0.8222222222222222,0.56,0.7804878048780488,0.601046195652174,0.7956521739130434,33,13,13,27,15.2,"[15, 15, 15, 16, 15]",2000,stratified percentile bootstrap on pooled OOF predictions
Radiomics,PCA 95%,MLP,86,107,0.8385869565217391,0.7923677095731787,0.8023255813953488,0.825,0.782608695652174,0.7674418604651163,0.8372093023255814,0.7951807228915663,0.803804347826087,0.7439809782608696,0.9206521739130434,0.6799371088093296,0.91853792249649,0.7209302325581395,0.8837209302325582,0.7,0.925,0.6521739130434783,0.8913043478260869,0.6666666666666666,0.875,0.75,0.9302325581395349,0.7073170731707317,0.8780487804878049,0.7211684782608695,0.8847826086956522,36,10,7,33,15.2,"[15, 15, 15, 16, 15]",2000,stratified percentile bootstrap on pooled OOF predictions
Clinical,PCA 95%,Random Forest,86,28,0.6554347826086956,0.6242260380194458,0.6627906976744186,0.675,0.6521739130434783,0.627906976744186,0.6976744186046512,0.6506024096385542,0.6635869565217392,0.5263519021739131,0.7676766304347825,0.5161059859536384,0.7701983430314044,0.5581395348837209,0.7558139534883721,0.525,0.8,0.5,0.782608695652174,0.5277083333333333,0.7428571428571429,0.5952220077220077,0.8048780487804879,0.5365853658536586,0.75,0.5635869565217391,0.758695652173913,30,16,13,27,18.8,"[18, 19, 19, 19, 19]",2000,stratified percentile bootstrap on pooled OOF predictions
Clinical,PCA 95%,Gradient Boosting,86,28,0.6184782608695653,0.5860052505582443,0.5930232558139535,0.575,0.6086956521739131,0.5609756097560976,0.6222222222222222,0.5679012345679012,0.5918478260869565,0.4978125,0.742961956521739,0.49060167800180887,0.739018928963348,0.4883720930232558,0.6976744186046512,0.425,0.725,0.4782608695652174,0.7391304347826086,0.454491341991342,0.6829268292682927,0.5238095238095238,0.7291807432432431,0.4444444444444444,0.6835443037974683,0.4891304347826087,0.6994565217391304,28,18,17,23,18.8,"[18, 19, 19, 19, 19]",2000,stratified percentile bootstrap on pooled OOF predictions
Clinical,PCA 95%,XGBoost,86,28,0.6798913043478261,0.6445113514323886,0.6627906976744186,0.6,0.717391304347826,0.6486486486486487,0.673469387755102,0.6233766233766234,0.658695652173913,0.5592391304347827,0.7896875,0.5335069867984339,0.7871836864990671,0.5581395348837209,0.7558139534883721,0.45,0.75,0.5869565217391305,0.8478260869565217,0.5294117647058824,0.7741935483870968,0.5833333333333334,0.7708333333333334,0.4941023682200153,0.7317073170731707,0.5559375000000001,0.753804347826087,33,13,16,24,18.8,"[18, 19, 19, 19, 19]",2000,stratified percentile bootstrap on pooled OOF predictions
Clinical,PCA 95%,MLP,86,28,0.5885869565217391,0.5354920723430612,0.5697674418604651,0.575,0.5652173913043478,0.5348837209302325,0.6046511627906976,0.5542168674698795,0.5701086956521739,0.4662907608695652,0.7081929347826084,0.4511141054307145,0.6775862164942014,0.46511627906976744,0.6627906976744186,0.425,0.725,0.4342391304347826,0.6956521739130435,0.42857142857142855,0.6383126477541371,0.5,0.7105263157894737,0.43373493975903615,0.6590971528471528,0.46413043478260874,0.6679483695652173,26,20,17,23,18.8,"[18, 19, 19, 19, 19]",2000,stratified percentile bootstrap on pooled OOF predictions
Combined,PCA 95%,Random Forest,86,135,0.7989130434782608,0.7438381693785105,0.7325581395348837,0.725,0.7391304347826086,0.7073170731707317,0.7555555555555555,0.7160493827160493,0.7320652173913043,0.6994497282608696,0.8839809782608694,0.6357283235587068,0.8713974626946751,0.6395348837209303,0.8255813953488372,0.575,0.85,0.6086956521739131,0.8478260869565217,0.6,0.8181818181818182,0.6590909090909091,0.8571428571428571,0.6075366422385077,0.8148148148148148,0.6353260869565217,0.8255434782608695,34,12,11,29,27.0,"[27, 27, 27, 27, 27]",2000,stratified percentile bootstrap on pooled OOF predictions
Combined,PCA 95%,Gradient Boosting,86,135,0.7532608695652173,0.7183425048720256,0.7325581395348837,0.75,0.717391304347826,0.6976744186046512,0.7674418604651163,0.7228915662650602,0.7336956521739131,0.6396739130434783,0.8516440217391303,0.6041775857324461,0.8429673214361458,0.6395348837209303,0.813953488372093,0.6,0.875,0.5869565217391305,0.8478260869565217,0.6,0.8108108108108109,0.6666666666666666,0.875,0.6172839506172839,0.8125363372093021,0.6385869565217391,0.8195652173913044,33,13,10,30,27.0,"[27, 27, 27, 27, 27]",2000,stratified percentile bootstrap on pooled OOF predictions
Combined,PCA 95%,XGBoost,86,135,0.7467391304347827,0.6824697429090697,0.6744186046511628,0.725,0.6304347826086957,0.6304347826086957,0.725,0.6744186046511628,0.6777173913043478,0.6412771739130434,0.8467527173913043,0.5709099790267772,0.8270260300824498,0.5813953488372093,0.7674418604651163,0.599375,0.85,0.4782608695652174,0.7608695652173914,0.5384615384615384,0.7333673469387753,0.625,0.8378378378378378,0.5747126436781609,0.7654823428079239,0.5842391304347826,0.7696059782608693,29,17,11,29,27.0,"[27, 27, 27, 27, 27]",2000,stratified percentile bootstrap on pooled OOF predictions
Combined,PCA 95%,MLP,86,135,0.8358695652173913,0.7868310560962614,0.7906976744186046,0.775,0.8043478260869565,0.775,0.8043478260869565,0.775,0.7896739130434782,0.7374864130434782,0.9157880434782607,0.6767779586139836,0.9123964995343005,0.6976744186046512,0.872093023255814,0.625,0.9,0.6739130434782609,0.9130434782608695,0.6666666666666666,0.8857142857142857,0.7115384615384616,0.8974358974358975,0.675,0.8641975308641975,0.6978260869565217,0.8722826086956521,37,9,9,31,27.0,"[27, 27, 27, 27, 27]",2000,stratified percentile bootstrap on pooled OOF predictions
