feature_set,pca,model,oof_auc,oof_acc,oof_pr_auc,oof_f1,sensitivity,specificity,ppv,npv,balanced_accuracy,tn,fp,fn,tp,mean_pca_components
Radiomics,PCA 95%,Random Forest,0.7516304347826087,0.7093023255813954,0.7050587604018249,0.6987951807228916,0.725,0.6956521739130435,0.6744186046511628,0.7441860465116279,0.7103260869565218,32,14,11,29,15.2
Radiomics,PCA 95%,Gradient Boosting,0.6896739130434782,0.6744186046511628,0.6555462441147177,0.6818181818181818,0.75,0.6086956521739131,0.625,0.7368421052631579,0.6793478260869565,28,18,10,30,15.2
Radiomics,PCA 95%,XGBoost,0.7320652173913044,0.6976744186046512,0.7013234398027062,0.675,0.675,0.717391304347826,0.675,0.717391304347826,0.696195652173913,33,13,13,27,15.2
Radiomics,PCA 95%,MLP,0.8385869565217391,0.8023255813953488,0.7923677095731787,0.7951807228915663,0.825,0.782608695652174,0.7674418604651163,0.8372093023255814,0.803804347826087,36,10,7,33,15.2
Clinical,PCA 95%,Random Forest,0.6554347826086956,0.6627906976744186,0.6242260380194458,0.6329113924050633,0.625,0.6956521739130435,0.6410256410256411,0.6808510638297872,0.6603260869565217,32,14,15,25,18.8
Clinical,PCA 95%,Gradient Boosting,0.6184782608695653,0.5930232558139535,0.5860052505582443,0.5679012345679012,0.575,0.6086956521739131,0.5609756097560976,0.6222222222222222,0.5918478260869565,28,18,17,23,18.8
Clinical,PCA 95%,XGBoost,0.6798913043478261,0.6627906976744186,0.6445113514323886,0.6233766233766234,0.6,0.717391304347826,0.6486486486486487,0.673469387755102,0.658695652173913,33,13,16,24,18.8
Clinical,PCA 95%,MLP,0.5885869565217391,0.5697674418604651,0.5354920723430612,0.5542168674698795,0.575,0.5652173913043478,0.5348837209302325,0.6046511627906976,0.5701086956521739,26,20,17,23,18.8
Combined,PCA 95%,Random Forest,0.7989130434782608,0.7441860465116279,0.7438381693785105,0.717948717948718,0.7,0.782608695652174,0.7368421052631579,0.75,0.741304347826087,36,10,12,28,27.0
Combined,PCA 95%,Gradient Boosting,0.7532608695652173,0.7325581395348837,0.7183425048720256,0.7228915662650602,0.75,0.717391304347826,0.6976744186046512,0.7674418604651163,0.7336956521739131,33,13,10,30,27.0
Combined,PCA 95%,XGBoost,0.7467391304347827,0.6744186046511628,0.6824697429090697,0.6744186046511628,0.725,0.6304347826086957,0.6304347826086957,0.725,0.6777173913043478,29,17,11,29,27.0
Combined,PCA 95%,MLP,0.8358695652173913,0.7906976744186046,0.7868310560962614,0.775,0.775,0.8043478260869565,0.775,0.8043478260869565,0.7896739130434782,37,9,9,31,27.0
